Nombre del Producto,Marca,Categoria,Tamaño,Codigo de Barras
PINTEFACE LATEX INTERIOR EXTERIOR,PINTEFACE,Látex,20L,11322000
SKYLACK BARNIZ A/S,SKYLACK,Barniz,0.9L+0.45L,220130L9
SKYLACK BARNIZ PU BICOMP,SKYLACK,Barniz,0.75L+0.15L,220100L3
SKYLACK PRIMER PU HS CINZA,SKYLACK,Primer,0.75L+0.15L,640094L3
VICTORIA 2 EN 1 CONVERTIDOR BLANCO,VICTORIA,Convertidor,20L,22022001
VICTORIA 2 EN 1 CONVERTIDOR NEGRO,VICTORIA,Convertidor,20L,22022015
VICTORIA 2 EN 1 CONVERTIDOR NEGRO,VICTORIA,Convertidor,4L,22020415
VICTORIA ALTA TEMP ALUMINIO,VICTORIA,Especialidad,1L,22090117
VICTORIA ALTA TEMP ALUMINIO,VICTORIA,Especialidad,4L,22090417
VICTORIA BARNIZ MARINO UV,VICTORIA,Barniz,1L,22110100
VICTORIA BARNIZ MARINO UV,VICTORIA,Barniz,4L,22110400
VICTORIA BARNIZ MARINO UV,VICTORIA,Barniz,500ML,22111200
VICTORIA BARNIZ MATE,VICTORIA,Barniz,1L,22130100
VICTORIA BARNIZ MATE,VICTORIA,Barniz,4L,22130400
VICTORIA BARNIZ SATINADO,VICTORIA,Barniz,1L,22120100
VICTORIA BARNIZ SATINADO,VICTORIA,Barniz,4L,22120400
VICTORIA BARNIZ SATINADO,VICTORIA,Barniz,500ML,22121200
VICTORIA BARNIZ SINTETICO,VICTORIA,Barniz,1L,22100100
VICTORIA BARNIZ SINTETICO,VICTORIA,Barniz,20L,22102000
VICTORIA BARNIZ SINTETICO,VICTORIA,Barniz,4L,22100400
VICTORIA BARNIZ SINTETICO,VICTORIA,Barniz,500ML,22101200
VICTORIA DOBLE FACE MEM LIQUIDA BLANCA,VICTORIA,Impermeabilizante,10L,11181001
VICTORIA DOBLE FACE MEM LIQUIDA BLANCA,VICTORIA,Impermeabilizante,20L,11182001
VICTORIA DOBLE FACE MEM LIQUIDA ROJA,VICTORIA,Impermeabilizante,10L,1018100480
VICTORIA DOBLE FACE MEM LIQUIDA ROJO,VICTORIA,Impermeabilizante,20L,1018200480
VICTORIA E/S 2 EN 1 ANTIOX + CONVER BLANCO,VICTORIA,Convertidor,4L,22020401
VICTORIA E/S 2 EN 1 FONDO VERDE,VICTORIA,Fondo,4L,22020430
VICTORIA E/S 3 EN 1 ALUMINIO,VICTORIA,Esmalte,1L,22010117
VICTORIA E/S 3 EN 1 ALUMINIO,VICTORIA,Esmalte,20L,22012017
VICTORIA E/S 3 EN 1 ALUMINIO,VICTORIA,Esmalte,4L,22010417
VICTORIA E/S 3 EN 1 AMARILLO,VICTORIA,Esmalte,1L,22010104
VICTORIA E/S 3 EN 1 AMARILLO,VICTORIA,Esmalte,4L,22010404
VICTORIA E/S 3 EN 1 AMARILLO M.,VICTORIA,Esmalte,20L,2001200560
VICTORIA E/S 3 EN 1 AMARILLO MEDIANO,VICTORIA,Esmalte,1L,22010156
VICTORIA E/S 3 EN 1 AMARILLO MEDIANO,VICTORIA,Esmalte,4L,22010456
VICTORIA E/S 3 EN 1 AMARILLO SOL,VICTORIA,Esmalte,1L,22010158
VICTORIA E/S 3 EN 1 AMARILLO SOL,VICTORIA,Esmalte,4L,22010458
VICTORIA E/S 3 EN 1 AZUL FRANCIA,VICTORIA,Esmalte,500ML,22011263
VICTORIA E/S 3 EN 1 AZUL FRANCIA,VICTORIA,Esmalte,1L,22010163
VICTORIA E/S 3 EN 1 AZUL FRANCIA,VICTORIA,Esmalte,20L,22012063
VICTORIA E/S 3 EN 1 AZUL FRANCIA,VICTORIA,Esmalte,4L,22010463
VICTORIA E/S 3 EN 1 AZUL MARINO,VICTORIA,Esmalte,4L,22010443
VICTORIA E/S 3 EN 1 AZUL TRAFUL,VICTORIA,Esmalte,1L,22010141
VICTORIA E/S 3 EN 1 AZUL TRAFUL,VICTORIA,Esmalte,20L,2001200410
VICTORIA E/S 3 EN 1 AZUL TRAFUL,VICTORIA,Esmalte,4L,22010441
VICTORIA E/S 3 EN 1 BEIGE,VICTORIA,Esmalte,4L,22010409
VICTORIA E/S 3 EN 1 BERMELLON,VICTORIA,Esmalte,1L,22010102
VICTORIA E/S 3 EN 1 BERMELLON,VICTORIA,Esmalte,4L,22010402
VICTORIA E/S 3 EN 1 BLANCO BRILLANTE,VICTORIA,Esmalte,1/4L,2001140010
VICTORIA E/S 3 EN 1 BLANCO BRILLANTE,VICTORIA,Esmalte,1L,22010101
VICTORIA E/S 3 EN 1 BLANCO BRILLANTE,VICTORIA,Esmalte,20L,22012001
VICTORIA E/S 3 EN 1 BLANCO BRILLANTE,VICTORIA,Esmalte,4L,22010401
VICTORIA E/S 3 EN 1 BLANCO MATE,VICTORIA,Esmalte,1L,22010171
VICTORIA E/S 3 EN 1 BLANCO MATE,VICTORIA,Esmalte,20L,22012071
VICTORIA E/S 3 EN 1 BLANCO MATE,VICTORIA,Esmalte,4L,22010471
VICTORIA E/S 3 EN 1 BLANCO SATINADO,VICTORIA,Esmalte,1/4L,2021140700
VICTORIA E/S 3 EN 1 BLANCO SATINADO,VICTORIA,Esmalte,1L,22010170
VICTORIA E/S 3 EN 1 BLANCO SATINADO,VICTORIA,Esmalte,20L,22012070
VICTORIA E/S 3 EN 1 BLANCO SATINADO,VICTORIA,Esmalte,4L,22010470
VICTORIA E/S 3 EN 1 CARMIN,VICTORIA,Esmalte,4L,22010410
VICTORIA E/S 3 EN 1 GRIS ESPACIAL,VICTORIA,Esmalte,1L,22010126
VICTORIA E/S 3 EN 1 GRIS ESPACIAL,VICTORIA,Esmalte,4L,22010426
VICTORIA E/S 3 EN 1 GRIS HIELO,VICTORIA,Esmalte,1L,22010129
VICTORIA E/S 3 EN 1 GRIS HIELO,VICTORIA,Esmalte,4L,22010429
VICTORIA E/S 3 EN 1 GRIS O. BRILLANTE,VICTORIA,Esmalte,20L,22012020
VICTORIA E/S 3 EN 1 GRIS OSCURO,VICTORIA,Esmalte,1L,22010120
VICTORIA E/S 3 EN 1 GRIS OSCURO,VICTORIA,Esmalte,4L,22010420
VICTORIA E/S 3 EN 1 GRIS PERLA,VICTORIA,Esmalte,1L,22010128
VICTORIA E/S 3 EN 1 GRIS PERLA,VICTORIA,Esmalte,20L,22012028
VICTORIA E/S 3 EN 1 GRIS PERLA,VICTORIA,Esmalte,4L,22010428
VICTORIA E/S 3 EN 1 GRIS SECRETO,VICTORIA,Esmalte,1L,22010168
VICTORIA E/S 3 EN 1 GRIS SECRETO,VICTORIA,Esmalte,20L,2001200210
VICTORIA E/S 3 EN 1 GRIS SECRETO,VICTORIA,Esmalte,4L,22010468
VICTORIA E/S 3 EN 1 GRIS VISON,VICTORIA,Esmalte,1L,22010121
VICTORIA E/S 3 EN 1 GRIS VISON,VICTORIA,Esmalte,4L,22010421
VICTORIA E/S 3 EN 1 MAGENTA,VICTORIA,Esmalte,1L,22010114
VICTORIA E/S 3 EN 1 MAGENTA,VICTORIA,Esmalte,4L,22010414
VICTORIA E/S 3 EN 1 MARFIL CHAMPAGNE,VICTORIA,Esmalte,1L,22010133
VICTORIA E/S 3 EN 1 MARFIL CHAMPAGNE,VICTORIA,Esmalte,4L,22010433
VICTORIA E/S 3 EN 1 MARRON,VICTORIA,Esmalte,4L,22010418
VICTORIA E/S 3 EN 1 NARANJA,VICTORIA,Esmalte,1L,22010103
VICTORIA E/S 3 EN 1 NARANJA,VICTORIA,Esmalte,20L,22012003
VICTORIA E/S 3 EN 1 NARANJA,VICTORIA,Esmalte,4L,22010403
VICTORIA E/S 3 EN 1 NEGRO BRILLANTE,VICTORIA,Esmalte,1/4L,2001140150
VICTORIA E/S 3 EN 1 NEGRO BRILLANTE,VICTORIA,Esmalte,1L,22010115
VICTORIA E/S 3 EN 1 NEGRO BRILLANTE,VICTORIA,Esmalte,20L,22012015
VICTORIA E/S 3 EN 1 NEGRO BRILLANTE,VICTORIA,Esmalte,4L,22010415
VICTORIA E/S 3 EN 1 NEGRO MATE,VICTORIA,Esmalte,20L,22012073
VICTORIA E/S 3 EN 1 NEGRO SATINADO,VICTORIA,Esmalte,1/4L,22011472
VICTORIA E/S 3 EN 1 NEGRO SATINADO,VICTORIA,Esmalte,1L,22010172
VICTORIA E/S 3 EN 1 NEGRO SATINADO,VICTORIA,Esmalte,20L,2021200720
VICTORIA E/S 3 EN 1 NEGRO SATINADO,VICTORIA,Esmalte,4L,22010472
VICTORIA E/S 3 EN 1 OCRE,VICTORIA,Esmalte,1L,2001010450
VICTORIA E/S 3 EN 1 OCRE,VICTORIA,Esmalte,20L,2001200450
VICTORIA E/S 3 EN 1 OCRE,VICTORIA,Esmalte,4L,2001040450
VICTORIA E/S 3 EN 1 PURPURA,VICTORIA,Esmalte,1L,22010167
VICTORIA E/S 3 EN 1 PURPURA,VICTORIA,Esmalte,4L,22010467
VICTORIA E/S 3 EN 1 ROSA,VICTORIA,Esmalte,1L,22010174
VICTORIA E/S 3 EN 1 TABACO,VICTORIA,Esmalte,1L,22010147
VICTORIA E/S 3 EN 1 TABACO,VICTORIA,Esmalte,4L,22010447
VICTORIA E/S 3 EN 1 VERDE CLARO,VICTORIA,Esmalte,1L,22010119
VICTORIA E/S 3 EN 1 VERDE CLARO,VICTORIA,Esmalte,4L,22010419
VICTORIA E/S 3 EN 1 VERDE ESMERALDA,VICTORIA,Esmalte,1L,22010122
VICTORIA E/S 3 EN 1 VERDE ESMERALDA,VICTORIA,Esmalte,4L,22010422
VICTORIA E/S 3 EN 1 VERDE ILUSION,VICTORIA,Esmalte,1L,22010134
VICTORIA E/S 3 EN 1 VERDE ILUSION,VICTORIA,Esmalte,4L,22010434
VICTORIA E/S 3 EN 1 VERDE INGLES,VICTORIA,Esmalte,1L,22010130
VICTORIA E/S 3 EN 1 VERDE INGLES,VICTORIA,Esmalte,4L,22010430
VICTORIA E/S 3 EN 1 VERDE MANZANA,VICTORIA,Esmalte,1L,22010125
VICTORIA E/S 3 EN 1 VERDE MANZANA,VICTORIA,Esmalte,20L,22012025
VICTORIA E/S 3 EN 1 VERDE MANZANA,VICTORIA,Esmalte,4L,22010425
VICTORIA E/S 3 EN 1 VIOLETA,VICTORIA,Esmalte,1L,22010107
VICTORIA E/S 3 EN 1 VIOLETA,VICTORIA,Esmalte,4L,22010407
VICTORIA ENDUIDO EXTERIOR,VICTORIA,Enduido,10L,11091000
VICTORIA ENDUIDO EXTERIOR,VICTORIA,Enduido,1L,11090100
VICTORIA ENDUIDO EXTERIOR,VICTORIA,Enduido,20L,11092000
VICTORIA ENDUIDO EXTERIOR,VICTORIA,Enduido,4L,11090400
VICTORIA ENDUIDO INTERIOR,VICTORIA,Enduido,20L,11082000
VICTORIA ENDUIDO INTERIOR,VICTORIA,Enduido,4L,11080400
VICTORIA ENTONADOR BEIGE,VICTORIA,Entonador,120CC,VICENT120BE
VICTORIA ESMALTE AL AGUA BLANCO BRILL,VICTORIA,Esmalte,1L,1141010010
VICTORIA ESMALTE AL AGUA BLANCO BRILL,VICTORIA,Esmalte,4L,1141040010
VICTORIA ESMALTE AL AGUA BLANCO SAT,VICTORIA,Esmalte,1L,1141010700
VICTORIA ESMALTE AL AGUA BLANCO SAT,VICTORIA,Esmalte,4L,1141040700
VICTORIA ESMALTE P/ PISO BLANCO,VICTORIA,Pisos,1L,2018010010
VICTORIA ESMALTE P/ PISO BLANCO,VICTORIA,Pisos,20L,2018200010
VICTORIA ESMALTE P/ PISO BLANCO,VICTORIA,Pisos,4L,2018040010
VICTORIA ESMALTE P/ PISO GRIS,VICTORIA,Pisos,1L,2018011270
VICTORIA ESMALTE P/ PISO GRIS,VICTORIA,Pisos,20L,2018201270
VICTORIA ESMALTE P/ PISO GRIS,VICTORIA,Pisos,4L,2018041270
VICTORIA ESMALTE P/ PISO NEGRO,VICTORIA,Pisos,1L,2018010150
VICTORIA ESMALTE P/ PISO NEGRO,VICTORIA,Pisos,20L,2018200150
VICTORIA ESMALTE P/ PISO NEGRO,VICTORIA,Pisos,4L,2018040150
VICTORIA ESMALTE P/ PISO ROJO,VICTORIA,Pisos,1L,2018010640
VICTORIA ESMALTE P/ PISO ROJO,VICTORIA,Pisos,20L,2018200640
VICTORIA ESMALTE P/ PISO ROJO,VICTORIA,Pisos,4L,2018040640
VICTORIA ESMALTE P/ PISO VERDE,VICTORIA,Pisos,1L,2018010300
VICTORIA ESMALTE P/ PISO VERDE,VICTORIA,Pisos,20L,2018200300
VICTORIA ESMALTE P/ PISO VERDE,VICTORIA,Pisos,4L,2018040300
VICTORIA FERROMICACEO FORJA,VICTORIA,Especialidad,1L,22170140
VICTORIA FERROMICACEO FORJA,VICTORIA,Especialidad,4L,22170440
VICTORIA FERROMICACEO PLATA,VICTORIA,Especialidad,1L,22170144
VICTORIA FERROMICACEO PLATA,VICTORIA,Especialidad,4L,22170444
VICTORIA FIJADOR AL AGUA,VICTORIA,Fijador,1L,11100100
VICTORIA FIJADOR AL AGUA,VICTORIA,Fijador,10L,11101000
VICTORIA FIJADOR AL AGUA,VICTORIA,Fijador,20L,11102000
VICTORIA FIJADOR AL AGUA,VICTORIA,Fijador,4L,11100400
VICTORIA FIJADOR AL AGUARRAS,VICTORIA,Fijador,10L,22301000
VICTORIA FIJADOR AL AGUARRAS,VICTORIA,Fijador,1L,22300100
VICTORIA FIJADOR AL AGUARRAS,VICTORIA,Fijador,4L,22300400
VICTORIA FIJADOR AL AGUARRAS,VICTORIA,Fijador,20L,22302000
VICTORIA FONDO BLANCO P/ MADERA,VICTORIA,Fondo,1L,22150101
VICTORIA FONDO BLANCO P/ MADERA,VICTORIA,Fondo,4L,22150401
VICTORIA FONDO INDUSTRIAL GRIS,VICTORIA,Fondo,1L,22200421-1
VICTORIA FONDO INDUSTRIAL GRIS,VICTORIA,Fondo,20L,22202021
VICTORIA FONDO INDUSTRIAL GRIS,VICTORIA,Fondo,4L,22200421
VICTORIA FONDO INDUSTRIAL NEGRO,VICTORIA,Fondo,4L,22200415
VICTORIA FRENTES AZUL FRANCIA,VICTORIA,Frentes,4L,11120463
VICTORIA FRENTES GRIS SECRETO,VICTORIA,Frentes,1L,11120121
VICTORIA FRENTES GRIS SECRETO,VICTORIA,Frentes,4L,11120421
VICTORIA FRENTES GRIS SECRETO,VICTORIA,Frentes,20L,11122021
VICTORIA FRENTES IMPERMEABILIZANTE,VICTORIA,Frentes,10L,11121001
VICTORIA FRENTES IMPERMEABILIZANTE,VICTORIA,Frentes,20L,11122001
VICTORIA FRENTES NARANJA,VICTORIA,Frentes,4L,11120403
VICTORIA FRENTES NARANJA,VICTORIA,Frentes,20L,11122003
VICTORIA FRENTES ROJO VICTORIA,VICTORIA,Frentes,20L,11122065
VICTORIA IMPERM LADRILLO CERAMICO,VICTORIA,Ladrillos,10L,11331016
VICTORIA IMPERM LADRILLO CERAMICO,VICTORIA,Ladrillos,1L,11330116
VICTORIA IMPERM LADRILLO CERAMICO,VICTORIA,Ladrillos,20L,11332016
VICTORIA IMPERM LADRILLO CERAMICO,VICTORIA,Ladrillos,4L,11330416
VICTORIA IMPERM LADRILLO CERAMICO,VICTORIA,Ladrillos,4L,1032040160
VICTORIA IMPERM LADRILLO INCOLORO,VICTORIA,Ladrillos,10L,VICT-IMPLADRINC10
VICTORIA IMPERM LADRILLO NATURAL,VICTORIA,Ladrillos,10L,1032101200
VICTORIA IMPERM LADRILLO NATURAL,VICTORIA,Ladrillos,1L,1032011200
VICTORIA IMPERM LADRILLO NATURAL,VICTORIA,Ladrillos,20L,1032201200
VICTORIA IMPERM LADRILLO NATURAL,VICTORIA,Ladrillos,4L,1032041200
VICTORIA IMPERMEABILIZANTE LADRILLOS,VICTORIA,Ladrillos,20L,IMPLADRVICT20
VICTORIA IMPREG AL AGUARRAS CERAMICO,VICTORIA,Ladrillos,1L,2233010160
VICTORIA IMPREG AL AGUARRAS CERAMICO,VICTORIA,Ladrillos,4L,2233040160
VICTORIA IMPREG AL AGUARRAS NATURAL,VICTORIA,Ladrillos,4L,2233040000
VICTORIA LATEX ANTIHONGO I/E AMARILLO,VICTORIA,Látex,1L,11050104
VICTORIA LATEX ANTIHONGO I/E AMARILLO,VICTORIA,Látex,20L,11052004
VICTORIA LATEX ANTIHONGO I/E AMARILLO,VICTORIA,Látex,4L,11050404
VICTORIA LATEX ANTIHONGO I/E AVELLANA,VICTORIA,Látex,1L,11050149
VICTORIA LATEX ANTIHONGO I/E AVELLANA,VICTORIA,Látex,20L,11052049
VICTORIA LATEX ANTIHONGO I/E AVELLANA,VICTORIA,Látex,4L,11050449
VICTORIA LATEX ANTIHONGO I/E AZUL ANTARTICO,VICTORIA,Látex,20L,VICLAAZAN20
VICTORIA LATEX ANTIHONGO I/E AZUL FRANCIA,VICTORIA,Látex,1L,11050163
VICTORIA LATEX ANTIHONGO I/E AZUL FRANCIA,VICTORIA,Látex,4L,11050463
VICTORIA LATEX ANTIHONGO I/E AZUL PILETA,VICTORIA,Látex,20L,VICLAAZPI20
VICTORIA LATEX ANTIHONGO I/E AZUL TRAFUL,VICTORIA,Látex,10L,11051041
VICTORIA LATEX ANTIHONGO I/E AZUL TRAFUL,VICTORIA,Látex,1L,11050141
VICTORIA LATEX ANTIHONGO I/E AZUL TRAFUL,VICTORIA,Látex,20L,11052041
VICTORIA LATEX ANTIHONGO I/E AZUL TRAFUL,VICTORIA,Látex,4L,11050441
VICTORIA LATEX ANTIHONGO I/E CEIBO,VICTORIA,Látex,1L,11050154
VICTORIA LATEX ANTIHONGO I/E CEIBO,VICTORIA,Látex,4L,11050454
VICTORIA LATEX ANTIHONGO I/E CIBOULETTE,VICTORIA,Látex,1L,11050153
VICTORIA LATEX ANTIHONGO I/E CIBOULETTE,VICTORIA,Látex,4L,11050453
VICTORIA LATEX ANTIHONGO I/E CIPRES,VICTORIA,Látex,1L,11050180
VICTORIA LATEX ANTIHONGO I/E CIPRES,VICTORIA,Látex,4L,11050480
VICTORIA LATEX ANTIHONGO I/E GRIS CEM,VICTORIA,Látex,10L,11051006
VICTORIA LATEX ANTIHONGO I/E GRIS CEM,VICTORIA,Látex,1L,11050106
VICTORIA LATEX ANTIHONGO I/E GRIS CEM,VICTORIA,Látex,4L,11050406
VICTORIA LATEX ANTIHONGO I/E GRIS SECRETO,VICTORIA,Látex,10L,11051021
VICTORIA LATEX ANTIHONGO I/E GRIS SECRETO,VICTORIA,Látex,1L,11050121
VICTORIA LATEX ANTIHONGO I/E GRIS SECRETO,VICTORIA,Látex,20L,11052021
VICTORIA LATEX ANTIHONGO I/E GRIS SECRETO,VICTORIA,Látex,4L,11050421
VICTORIA LATEX ANTIHONGO I/E GUARANA,VICTORIA,Látex,1L,1005010550
VICTORIA LATEX ANTIHONGO I/E GUARANA,VICTORIA,Látex,4L,1005040550
VICTORIA LATEX ANTIHONGO I/E MAGENTA,VICTORIA,Látex,10L,11051014
VICTORIA LATEX ANTIHONGO I/E MAGENTA,VICTORIA,Látex,1L,11050114
VICTORIA LATEX ANTIHONGO I/E MAGENTA,VICTORIA,Látex,20L,11052014
VICTORIA LATEX ANTIHONGO I/E MAGENTA,VICTORIA,Látex,4L,11050414
VICTORIA LATEX ANTIHONGO I/E MARRON,VICTORIA,Látex,10L,11051018
VICTORIA LATEX ANTIHONGO I/E MARRON,VICTORIA,Látex,1L,11050118
VICTORIA LATEX ANTIHONGO I/E MARRON,VICTORIA,Látex,20L,11052018
VICTORIA LATEX ANTIHONGO I/E MARRON,VICTORIA,Látex,4L,11050418
VICTORIA LATEX ANTIHONGO I/E NARANJA,VICTORIA,Látex,10L,11051003
VICTORIA LATEX ANTIHONGO I/E NARANJA,VICTORIA,Látex,1L,11050103
VICTORIA LATEX ANTIHONGO I/E NARANJA,VICTORIA,Látex,4L,11050403
VICTORIA LATEX ANTIHONGO I/E NEGRO,VICTORIA,Látex,10L,11051015
VICTORIA LATEX ANTIHONGO I/E NEGRO,VICTORIA,Látex,1L,11050115
VICTORIA LATEX ANTIHONGO I/E NEGRO,VICTORIA,Látex,20L,11052015
VICTORIA LATEX ANTIHONGO I/E NEGRO,VICTORIA,Látex,4L,11050415
VICTORIA LATEX ANTIHONGO I/E OCRE,VICTORIA,Látex,1L,11050145
VICTORIA LATEX ANTIHONGO I/E OCRE,VICTORIA,Látex,20L,11052045
VICTORIA LATEX ANTIHONGO I/E OCRE,VICTORIA,Látex,4L,11050445
VICTORIA LATEX ANTIHONGO I/E ROJO,VICTORIA,Látex,1L,11050165
VICTORIA LATEX ANTIHONGO I/E ROJO,VICTORIA,Látex,20L,11052065
VICTORIA LATEX ANTIHONGO I/E ROJO,VICTORIA,Látex,4L,11050465
VICTORIA LATEX ANTIHONGO I/E ROJO TEJA,VICTORIA,Látex,10L,11051048
VICTORIA LATEX ANTIHONGO I/E ROJO TEJA,VICTORIA,Látex,1L,11050148
VICTORIA LATEX ANTIHONGO I/E ROJO TEJA,VICTORIA,Látex,20L,11052048
VICTORIA LATEX ANTIHONGO I/E ROJO TEJA,VICTORIA,Látex,4L,11050448
VICTORIA LATEX ANTIHONGO I/E ROJO VICTORIA,VICTORIA,Látex,4L,1005040650
VICTORIA LATEX ANTIHONGO I/E TERRACOTA,VICTORIA,Látex,20L,11052003
VICTORIA LATEX ANTIHONGO I/E VERDE AMAZONA,VICTORIA,Látex,20L,VICLAVERAM20
VICTORIA LATEX ANTIHONGO I/E VERDE CEM,VICTORIA,Látex,20L,11052006
VICTORIA LATEX ANTIHONGO I/E VERDE CEM,VICTORIA,Látex,20L,VICLAVERCEM20
VICTORIA LATEX ANTIHONGO I/E VERDE FORESTA,VICTORIA,Látex,1L,11050177
VICTORIA LATEX ANTIHONGO I/E VERDE FORESTA,VICTORIA,Látex,4L,11050477
VICTORIA LATEX ANTIHONGO I/E VERDE JADE,VICTORIA,Látex,10L,11051031
VICTORIA LATEX ANTIHONGO I/E VERDE JADE,VICTORIA,Látex,1L,11050131
VICTORIA LATEX ANTIHONGO I/E VERDE JADE,VICTORIA,Látex,20L,11052031
VICTORIA LATEX ANTIHONGO I/E VERDE JADE,VICTORIA,Látex,4L,11050431
VICTORIA LATEX ANTIHONGO I/E VERDE MANZANA,VICTORIA,Látex,1L,11050125
VICTORIA LATEX ANTIHONGO I/E VERDE MANZANA,VICTORIA,Látex,20L,1005200250
VICTORIA LATEX ANTIHONGO I/E VERDE MANZANA,VICTORIA,Látex,4L,11050425
VICTORIA LATEX ANTIHONGO I/E VERDE SAFARI,VICTORIA,Látex,1L,11050175
VICTORIA LATEX ANTIHONGO I/E VERDE SAFARI,VICTORIA,Látex,20L,11052075
VICTORIA LATEX ANTIHONGO I/E VERDE SAFARI,VICTORIA,Látex,4L,11050475
VICTORIA LATEX ANTIHONGO I/E VERDE VICKY,VICTORIA,Látex,1L,11050139
VICTORIA LATEX ANTIHONGO I/E VERDE VICKY,VICTORIA,Látex,4L,11050439
VICTORIA LATEX ANTIHONGO I/E VIOLETA,VICTORIA,Látex,1L,11050107
VICTORIA LATEX ANTIHONGO I/E VIOLETA,VICTORIA,Látex,4L,11050407
VICTORIA LATEX BIOPROTECT MATE INT,VICTORIA,Látex,10L,1044100010
VICTORIA LATEX BIOPROTECT SATINADO INT,VICTORIA,Látex,20L,11052070
VICTORIA LATEX DOBLE INT ANTIHONGO,VICTORIA,Látex,20L,11012001
VICTORIA LATEX INT/EXT LAVABLE BLANCO,VICTORIA,Látex,10L,11051001
VICTORIA LATEX INT/EXT LAVABLE BLANCO,VICTORIA,Látex,1L,11050101
VICTORIA LATEX INT/EXT LAVABLE BLANCO,VICTORIA,Látex,20L,11052001
VICTORIA LATEX INT/EXT LAVABLE BLANCO,VICTORIA,Látex,4L,11050401
VICTORIA PINTURA P/ PIZARRON NEGRO,VICTORIA,Especialidad,1L,22040115
VICTORIA PINTURA P/ PIZARRON NEGRO,VICTORIA,Especialidad,4L,22040415
VICTORIA PINTURA P/ PIZARRON VERDE,VICTORIA,Especialidad,1L,22040130
VICTORIA PINTURA P/ PIZARRON VERDE,VICTORIA,Especialidad,250ML,22041430
VICTORIA PINTURA P/ PIZARRON VERDE,VICTORIA,Especialidad,4L,22040430
VICTORIA PINTURA P/ PIZARRON VERDE,VICTORIA,Especialidad,500ML,22041230
VICTORIA PISO DEPORTIVO AZUL,VICTORIA,Deportivo,10L,11131043
VICTORIA PISO DEPORTIVO AZUL,VICTORIA,Deportivo,1L,11130143
VICTORIA PISO DEPORTIVO AZUL,VICTORIA,Deportivo,20L,11132043
VICTORIA PISO DEPORTIVO AZUL,VICTORIA,Deportivo,4L,11130443
VICTORIA PISO DEPORTIVO BLANCO,VICTORIA,Deportivo,10L,11131001
VICTORIA PISO DEPORTIVO BLANCO,VICTORIA,Deportivo,1L,11130101
VICTORIA PISO DEPORTIVO BLANCO,VICTORIA,Deportivo,20L,11132001
VICTORIA PISO DEPORTIVO BLANCO,VICTORIA,Deportivo,4L,11130401
VICTORIA PISO DEPORTIVO GRIS,VICTORIA,Deportivo,10L,11131021
VICTORIA PISO DEPORTIVO GRIS,VICTORIA,Deportivo,1L,11130121
VICTORIA PISO DEPORTIVO GRIS,VICTORIA,Deportivo,20L,11132021
VICTORIA PISO DEPORTIVO GRIS,VICTORIA,Deportivo,4L,11130421
VICTORIA PISO DEPORTIVO NEGRO,VICTORIA,Deportivo,10L,11131015
VICTORIA PISO DEPORTIVO NEGRO,VICTORIA,Deportivo,1L,11130115
VICTORIA PISO DEPORTIVO NEGRO,VICTORIA,Deportivo,20L,11132015
VICTORIA PISO DEPORTIVO NEGRO,VICTORIA,Deportivo,4L,11130415
VICTORIA PISO DEPORTIVO ROJO,VICTORIA,Deportivo,10L,11131064
VICTORIA PISO DEPORTIVO ROJO,VICTORIA,Deportivo,1L,11130164
VICTORIA PISO DEPORTIVO ROJO,VICTORIA,Deportivo,20L,11132064
VICTORIA PISO DEPORTIVO ROJO,VICTORIA,Deportivo,4L,11130464
VICTORIA PISO DEPORTIVO VERDE,VICTORIA,Deportivo,10L,11131030
VICTORIA PISO DEPORTIVO VERDE,VICTORIA,Deportivo,1L,11130130
VICTORIA PISO DEPORTIVO VERDE,VICTORIA,Deportivo,20L,11132030
VICTORIA PISO DEPORTIVO VERDE,VICTORIA,Deportivo,4L,11130430
VICTORIA TECHOS ATERMICOS NANOVIC BLANCO,VICTORIA,Techos,20L,1051200010
VICTORIA TECHOS IMP. PASTA VERDE FORESTA,VICTORIA,Techos,20KG,1015200770